<?xml version="1.0" encoding="UTF-8"?><rss xmlns:atom="http://www.w3.org/2005/Atom" version="2.0">
<channel>
<title>RPI Academic Calendar</title>
<link>https://info.rpi.edu/registrar/academic-calendar</link>
<description>October 11, 2024 - October 25, 2024</description>
<pubDate>Thu, 12 Oct 2024 15:27:00 +0000</pubDate>
<language>en-US</language>
<copyright>Copyright © 2024 Rensselaer Polytechnic Institute (RPI)</copyright>
<managingEditor>editor@mysite.edu (Editor Name)</managingEditor>


<item>
<title>Last day to file an on-line Degree Application via SIS for December 31, 2024 graduation.</title>
<link>http://events.rpi.edu/cal/event/eventView.do?b=de&amp;calPath=%2Fpublic%2Fcals%2FMainCal&amp;guid=CAL-00f19cc6-8c5f644f-018c-66d04dc6-00003faecalendars%40rpi.edu&amp;recurrenceId=</link>
<guid isPermaLink="false">http://events.rpi.edu/cal/event/eventView.do?b=de&amp;calPath=%2Fpublic%2Fcals%2FMainCal&amp;guid=CAL-00f19cc6-8c5f644f-018c-66d04dc6-00003faecalendars%40rpi.edu&amp;recurrenceId=</guid>
<pubDate>1 Oct 2024 04:00:00 UT</pubDate>
<description>Friday, October 11, 2024 (all day) &#10; Where: Campus-wide &#10; Description: Last day to file an on-line Degree Application via SIS for December 31, 2024 
 graduation.&#10; Contact: Office of the Registrar 518-276-6231</description>
<category>Upcoming Events</category>
<category>Academic Calendar</category>
<category>Academic Calendar</category>
</item>

<item>
<title>Late Degree application (paper) for December 2024 graduation, if did not apply in SIS, will begin being accepted.</title>
<link>https://events.rpi.edu/cal/event/eventView.do?b=de&amp;href=/public/cals/MainCal/CAL-00f19cc6-90e4dd11-0191-a40edca8-0000473c.ics</link>
<guid isPermaLink="false">https://events.rpi.edu/cal/event/eventView.do?b=de&amp;href=/public/cals/MainCal/CAL-00f19cc6-90e4dd11-0191-a40edca8-0000473c.ics</guid>
<pubDate>1 Oct 2024 04:00:00 UT</pubDate>
<description>Saturday, October 12, 2024 - Thu , October 24, 2024 (all day)&#10; Where: Campus-wide &#10; Description: Late Degree application (paper) for December 2024
 graduation, if did not apply in SIS, will begin being accepted.&#10; Contact: _none 518-276-6000</description>
<category>Upcoming Events</category>
<category>Academic Calendar</category>
<category>Academic Calendar</category>
<category>Registrar</category>
</item>

<item>
<title>Columbus Day/Indigenous Peoples' Day. No classes.</title>
<link>https://events.rpi.edu/cal/event/eventView.do?b=de&amp;href=/public/cals/MainCal/CAL-00f19cc6-8c5f644f-018c-66bc53b1-00002b06.ics</link>
<guid isPermaLink="false">https://events.rpi.edu/cal/event/eventView.do?b=de&amp;href=/public/cals/MainCal/CAL-00f19cc6-8c5f644f-018c-66bc53b1-00002b06.ics</guid>
<pubDate>1 Oct 2024 04:00:00 UT</pubDate>
<description>Saturday, October 12, 2024 - Thu , October 24, 2024 (all day)&#10; Where: Campus-wide &#10; Description: Late Degree application (paper) for 
 December 2024 graduation, if did not apply in SIS, will begin being accepted.&#10;Contact: _none 518-276-6000</description>
<category>Upcoming Events</category>
<category>Academic Calendar</category>
<category>Academic Calendar</category>
</item>

<item>
<title>Consultation weeks. Advisement for Spring 2025 registration. Students should consult with their faculty advisors</title>
<link>https://events.rpi.edu/cal/event/eventView.do?b=de&amp;href=/public/cals/MainCal/CAL-00f19cc6-8c5f644f-018c-66d5b1e6-000043e6.ics</link>
<guid isPermaLink="false">https://events.rpi.edu/cal/event/eventView.do?b=de&amp;href=/public/cals/MainCal/CAL-00f19cc6-8c5f644f-018c-66d5b1e6-000043e6.ics</guid>
<pubDate>1 Oct 2024 04:00:00 UT</pubDate>
<description>Monday, October 21, 2024 - Fri , November 1, 2024 (all day)&#10; Where: Campus-wide&#10;Description: Consultation weeks. Advisement for Spring 2025
 registration. Students should consult with their faculty advisors&#10;Contact: Office of the Registrar 518-276-6231</description>
<category>Upcoming Events</category>
<category>Academic Calendar</category>
<category>Academic Calendar</category>
</item>

<item>
<title>Last day to file a late degree application (paper) for December 2024 graduation. Doctoral dissertations for December 2024 graduation applicants,
 due to advisors</title>
<link>https://events.rpi.edu/cal/event/eventView.do?b=de&amp;href=/public/cals/MainCal/CAL-00f19cc6-8c5f644f-018c-66d5b1e6-000043e6.ics</link>
<guid isPermaLink="false">https://events.rpi.edu/cal/event/eventView.do?b=de&amp;href=/public/cals/MainCal/CAL-00f19cc6-8c5f644f-018c-66d5b1e6-000043e6.ics</guid>
<pubDate>1 Oct 2024 04:00:00 UT</pubDate>
<description>Friday, October 25, 2024 (all day)&#10; Where: Campus-wide &#10;Description: Last day to file a late degree application (paper) for December 2024 graduation.
 Doctoral dissertations for December 2024 graduation applicants, due to advisors&#10;Contact: _none 518-276-6000</description>
<category>Upcoming Events</category>
<category>Academic Calendar</category>
<category>Academic Calendar</category>
</item>
