<?xml version="1.0" encoding="UTF-8"?><rss xmlns:atom="http://www.w3.org/2005/Atom" version="2.0">
<channel>
<title>Rensselaer Events Calendar</title>
<link>http://events.rpi.edu/cal</link>
<description>October 12, 2017 - October 13, 2017</description>
<pubDate>12 Oct 2017 15:27:00 UT</pubDate>
<language>en-US</language>
<copyright>Copyright 2017, Bedework</copyright>
<managingEditor>editor@mysite.edu (Editor Name)</managingEditor>

<item>
<title>Students Save With Textbook Rental At The Collegiate Store!</title>
<link>http://events.rpi.edu/cal/event/eventView.do?b=de&amp;calPath=%2Fpublic%2Fcals%2FMainCal&amp;guid=CAL-ff808181-5df0895b-015e-1b207cf7-0000402fcalendars@rpi.edu&amp;recurrenceId=</link>
<guid isPermaLink="false">calPath=%2Fpublic%2Fcals%2FMainCal&amp;guid=CAL-ff808181-5df0895b-015e-1b207cf7-0000402fcalendars@rpi.edu&amp;recurrenceId=</guid>
<pubDate>30 Aug 2017 04:00:00 UT</pubDate>
<description>Wednesday,
        August 30, 2017 12:00 AM
          -
        Fri
          ,
          December 22, 2017 12:00 AM

        
          &lt;br/&gt;
        

        Where: Rensselaer Collegiate Store  1st Floor, Rensselaer Student Union
          

        
          &lt;br/&gt;
        

        Description: Last year, we saved RPI students over $165,000 with our rental program!

-Renting saves at least 50% or more of the purchase price of a new textbook.
-Use your book! Highlight and take notes.
-Rent your books in store or online at www.rensselaerstore.com.

What's Next?

Rent now! Convert later!

If you want to keep your book, convert it to purchase at any time during the semester up to and including the due date. Simply pay the difference between the rental price and purchase price.

        
          &lt;br/&gt;
        

        Contact: Rensselaer Union Bookstore 518-276-6555</description>
<category>StudentClub - Bookstore</category>
<category>Clubs and Societies</category>
<category>StudentClub - Rensselaer Union</category>
</item>

<item>
<title>RPI RELIEF: Harvey, Irma and Maria Response</title>
<link>http://events.rpi.edu/cal/event/eventView.do?b=de&amp;calPath=%2Fpublic%2Fcals%2FMainCal&amp;guid=CAL-ff808181-5edee1e1-015f-02102ead-000062dfcalendars@rpi.edu&amp;recurrenceId=</link>
<guid isPermaLink="false">calPath=%2Fpublic%2Fcals%2FMainCal&amp;guid=CAL-ff808181-5edee1e1-015f-02102ead-000062dfcalendars@rpi.edu&amp;recurrenceId=</guid>
<pubDate>11 Sep 2017 04:00:00 UT</pubDate>
<description>Monday, September 11, 2017 - Sun, December 31, 2017 (all day) <br/>
        Where: Academy Hall 4629 <br/>
        Cost: varies per event <br/>
        Description: RPI Relief: Harvey, Irma and Maria has mobilized in fall 2017 to conduct activities within the Rensselaer Community to raise money in support of relief organizations working on the ground in Texas, Florida, Puerto Rico and the U.S.Virgin Islands. Some RPI organizations are raising money for specific causes, while unrestricted funds raised throughout this campaign will be distributed to the American Red Cross and to All Hands Volunteers. 
        Check the website for updates on new events and totals. <br/>
        Contact: Community Service - DOSO 518-276-3098</description>
<category>Fund Raising</category>
<category>Special Events</category>
<category>Calls for Participation</category>
</item>

<item>
<title>Rensselaer Club Launches Annual Membership Campaign</title>
<link>http://events.rpi.edu/cal/event/eventView.do?b=de&amp;calPath=%2Fpublic%2Fcals%2FMainCal&amp;guid=CAL-ff808181-5df0895b-015e-c3e8dd88-0000544fcalendars@rpi.edu&amp;recurrenceId=20171002T040000Z</link>
<guid isPermaLink="false">calPath=%2Fpublic%2Fcals%2FMainCal&amp;guid=CAL-ff808181-5df0895b-015e-c3e8dd88-0000544fcalendars@rpi.edu&amp;recurrenceId=20171002T040000Z</guid>
<pubDate>02 Oct 2017 04:00:00 UT</pubDate>
<description>Monday,
        October 2, 2017 
          -
        Mon
          ,
          December 4, 2017 (all day)

        
          &lt;br/&gt;
        

        Where: Off-campus (see description)	online 
          

        
          &lt;br/&gt;
        

        Cost: 25.00
          
            &lt;br/&gt;
          
        Description: The Rensselaer Club is conducting its annual membership campaign. Dues for the year are $25 per person and can be paid online. The club is a not-for-profit organization and a part of your dues are considered a donation. We sponsor some "members only" events during the year. Your dues also help support local charities.

        
          &lt;br/&gt;
        

        Contact: Jamie Auger 518-276-2895</description>
<category>Other</category>
</item>
<item>
<title>Fall 2017 SoE Midterm Student Course Evaluations Now Open</title>
<link>http://events.rpi.edu/cal/event/eventView.do?b=de&amp;calPath=%2Fpublic%2Fcals%2FMainCal&amp;guid=CAL-ff808181-5df0895b-015e-c91ab949-000005b9calendars@rpi.edu&amp;recurrenceId=</link>
<guid isPermaLink="false">calPath=%2Fpublic%2Fcals%2FMainCal&amp;guid=CAL-ff808181-5df0895b-015e-c91ab949-000005b9calendars@rpi.edu&amp;recurrenceId=</guid>
<pubDate>06 Oct 2017 04:00:00 UT</pubDate>
<description>Friday,
        October 6, 2017 
          -
        Sun
          ,
          October 15, 2017 (all day)

        
          &lt;br/&gt;
        

        Where: RPI Troy Campus 
          

        
          &lt;br/&gt;
        

        Description: Fall 2017 SoE Midterm course evaluations are now open. Your feedback is very important to the Institute and the SoE, so please complete evaluation surveys for all your courses! Evaluations will be available through Sunday, October 15, 2017.

        
          &lt;br/&gt;
        

        Contact: Office of Undergraduate Education 518.276.2244</description>
<category>Provost</category>
</item>
<item>
<title>Campaign Hours for Folsom Library</title>
<link>http://events.rpi.edu/cal/event/eventView.do?b=de&amp;calPath=%2Fpublic%2Faliases%2FSchools+and+Departments%2FFolsom+Library%2FLibrary+Hours&amp;guid=CAL-ff808181-5edee1e1-015f-01cf03f3-00005d66calendars@rpi.edu&amp;recurrenceId=</link>
<guid isPermaLink="false">calPath=%2Fpublic%2Faliases%2FSchools+and+Departments%2FFolsom+Library%2FLibrary+Hours&amp;guid=CAL-ff808181-5edee1e1-015f-01cf03f3-00005d66calendars@rpi.edu&amp;recurrenceId=</guid>
<pubDate>09 Oct 2017 04:00:00 UT</pubDate>
<description>Monday,
        October 9, 2017 
          -
        Sun
          ,
          October 15, 2017 (all day)

        
          &lt;br/&gt;
        

        Where: Folsom Library 
          

        
          &lt;br/&gt;
        

        Description: For the week of the Campaign Launch, the Folsom Library will operate on the following schedule:
Thursday – 10/12/17 – First and second floors of Folsom Library will be unavailable, third and fourth floors will be open for use
Friday – 10/13/17 – Folsom Library will be closed all day
Saturday – 10/14/17 – Folsom library will open at noon

        
          &lt;br/&gt;
        

        Contact: Folsom Library 518-276-8329 Kathy Stebbins</description>
<category>Folsom Library</category>
</item>
<item>
<title>Campaign Launch and Reunion &amp; Homecoming 2017</title>
<link>http://events.rpi.edu/cal/event/eventView.do?b=de&amp;calPath=%2Fpublic%2Fcals%2FMainCal&amp;guid=CAL-00f19a88-5675f92c-0156-dcfdae25-000033e6calendars@rpi.edu&amp;recurrenceId=</link>
<guid isPermaLink="false">calPath=%2Fpublic%2Fcals%2FMainCal&amp;guid=CAL-00f19a88-5675f92c-0156-dcfdae25-000033e6calendars@rpi.edu&amp;recurrenceId=</guid>
<pubDate>12 Oct 2017 04:00:00 UT</pubDate>
<description>Thursday,
        October 12, 2017 
          -
        Sun
          ,
          October 15, 2017 (all day)

        
          &lt;br/&gt;
        

        Where: Troy Campus  Troy, NY
          

        
          &lt;br/&gt;
        

        Description: Join us as we celebrate the launch of a capital campaign designed to position Rensselaer for its third century of leadership in research and education with a variety of immersive events. Returning alumni/ae will include classes ending in 2 or 7, Greeks, former athletes, and student groups. See the website for details.

        
          &lt;br/&gt;
        

        Contact: Alumni Relations 518-276-6205</description>
<category>Academic Calendar</category>
<category>Special Events</category>
<category>Alumni Events</category>
<category>General Calendars</category>
</item>
<item>
<title>Campaign Launch and Reunion &amp; Homecoming 2017</title>
<link>http://events.rpi.edu/cal/event/eventView.do?b=de&amp;calPath=%2Fpublic%2Fcals%2FMainCal&amp;guid=CAL-ff808181-5edee1e1-015e-e9844e25-00005488calendars@rpi.edu&amp;recurrenceId=</link>
<guid isPermaLink="false">calPath=%2Fpublic%2Fcals%2FMainCal&amp;guid=CAL-ff808181-5edee1e1-015e-e9844e25-00005488calendars@rpi.edu&amp;recurrenceId=</guid>
<pubDate>12 Oct 2017 04:00:00 UT</pubDate>
<description>Thursday,
        October 12, 2017 12:00 AM
          -
        Sun
          ,
          October 15, 2017 12:00 AM

        
          &lt;br/&gt;
        

        Where: Campus-wide 
          

        
          &lt;br/&gt;
        

        Description: Join us from Oct.12-15 as we celebrate the launch of a capital campaign designed to position Rensselaer for its third century of leadership in research and education with a variety of immersive events. See the website for details: alumni.rpi.edu/reunion

        
          &lt;br/&gt;
        

        Contact: Alumni Relations 518-276-6205</description>
<category>Alumni Events</category>
</item>
<item>
<title>Additional Study Hall Space</title>
<link>http://events.rpi.edu/cal/event/eventView.do?b=de&amp;calPath=%2Fpublic%2Fcals%2FMainCal&amp;guid=CAL-ff808181-5edee1e1-015f-0750dec6-0000185acalendars@rpi.edu&amp;recurrenceId=</link>
<guid isPermaLink="false">calPath=%2Fpublic%2Fcals%2FMainCal&amp;guid=CAL-ff808181-5edee1e1-015f-0750dec6-0000185acalendars@rpi.edu&amp;recurrenceId=</guid>
<pubDate>12 Oct 2017 04:00:00 UT</pubDate>
<description>Thursday,
        October 12, 2017 (all day)

        
          &lt;br/&gt;
        

        Where: DCC 308 and 318	 
          

        
          &lt;br/&gt;
        

        Description: Preparation for this weekend's events will be impacting student use of the Library.  To insure that there is additional study space for students rooms have been reserved in DCC 308 and DCC 318 as follows:
DCC 308 - 6:00pm - 9:00pm
DCC 318 - 8:00am - 9:00am, 1:00pm - 2:00pm and 6:00pm - 9:00pm
Two other areas to consider for use are the Off Campus Commons and the JEC Student Lounge.

        
          &lt;br/&gt;
        

        Contact: Sherry Perpetua 276-6566</description>
<category>Other</category>
<category>General Calendars</category>
<category>Service outages_changes</category>
</item>
<item>
<title>The on-call shuttle will be unavailable on Thursday, October 12th and Friday, October 13th</title>
<link>http://events.rpi.edu/cal/event/eventView.do?b=de&amp;calPath=%2Fpublic%2Fcals%2FMainCal&amp;guid=CAL-ff808181-5df0895b-015e-a07b80bc-00004a4dcalendars@rpi.edu&amp;recurrenceId=</link>
<guid isPermaLink="false">calPath=%2Fpublic%2Fcals%2FMainCal&amp;guid=CAL-ff808181-5df0895b-015e-a07b80bc-00004a4dcalendars@rpi.edu&amp;recurrenceId=</guid>
<pubDate>12 Oct 2017 12:00:00 UT</pubDate>
<description>Thursday,
        October 12, 2017 8:00 AM
          -
        Fri
          ,
          October 13, 2017 4:00 PM

        
          &lt;br/&gt;
        

        Where: Parking and Transportation Office  2144 Burdett Ave
          

        
          &lt;br/&gt;
        

        Description: The on-call shuttle will be unavailable on Thursday, October 12th and Friday, October 13th. The on-call shuttle will resume service on Monday, 16th from 8 a.m. to 4 p.m.

        
          &lt;br/&gt;
        

        Contact: Parking and Transportation 518-276-6616</description>
<category>Parking</category>
<category>General Calendars</category>
</item>
<item>
<title>Artisans and Crafters Needed for 2017 United Way Community Fair</title>
<link>http://events.rpi.edu/cal/event/eventView.do?b=de&amp;calPath=%2Fpublic%2Fcals%2FMainCal&amp;guid=CAL-ff808181-5edee1e1-015f-0d2be13b-00003ccbcalendars@rpi.edu&amp;recurrenceId=</link>
<guid isPermaLink="false">calPath=%2Fpublic%2Fcals%2FMainCal&amp;guid=CAL-ff808181-5edee1e1-015f-0d2be13b-00003ccbcalendars@rpi.edu&amp;recurrenceId=</guid>
<pubDate>13 Oct 2017 13:00:00 UT</pubDate>
<description>Friday,
        October 13, 2017 9:00 AM

        
          &lt;br/&gt;
        

        Where: ECAV  East Campus Athletic Village
          

        
          &lt;br/&gt;
        

        Description: Community Fair and Bake Sale – Attention Artisans, Crafters, Bakers, and Entrepreneurs!  In conjunction with Procurement’s Supplier Showcase, the United Way is proudly hosting the Community Fair and Bake Sale again this year on Friday, November 3, from 11:00 am – 2 pm!  If you have a creative talent and/or a product that you think students, staff, and faculty would be interested in purchasing for themselves or for others, contact Denise Elwell at elweld@rpi.edu for details on participating.

        
          &lt;br/&gt;
        

        Contact: Denise Elwell 276-4873</description>
<category>TV - FundRaising</category>
<category>TV</category>
<category>Calls for Participation</category>
</item>

</channel>
</rss>
